Href,Name,Reviews,Href Reviews,Min progect size,Company Size,City,Clients,Notable Project,Clients summary,Scheduling,Quality,Cost,NPS,cluster,cluster_DBSCAN
http://dataforest.ai/?utm_campaign=directory&utm_medium=referral&utm_source=themanifest.com,DATAFOREST,19,https://clutch.co/profile/dataforest?utm_source=themanifest&utm_medium=profile&utm_content=2033020800000#reviews,10000,150,Kyiv,"AM Trading, IDN, Columb Trade, Unilever, BSG,Deeplegal, Little Giant Marketing, .",An automotive standardization organization hired DATAFOREST to extend an existing script for UML data extraction. The team worked on a Python script that extracts data from XML files into AsciiDoc files.,"Dataforest is a data science and web development agency based in Kyiv, Ukraine with an office in New York. Their team of 10 has offered services in BI & big data consulting & SI, custom software development, and web development to small and midmarket businesses since their founding in 2018. They are proficient in multiple frameworks, including Django, ReactJS, and WordPress, and use languages such as Python, JavaScript, and Visual Basic.",4.9,4.9,4.9,5.0,0,0
https://www.n-ix.com/team-extension/?utm_campaign=directory&utm_medium=referral&utm_source=themanifest.com,N-iX,31,https://clutch.co/profile/n-ix?utm_source=themanifest&utm_medium=profile&utm_content=2033020800000#reviews,100000,5500,L'viv,"Fortune 500 companies, Bosch, Siemens, Ebay",N-iX provides ongoing staff augmentation services for an agricultural software company. The team has found development resources to join the client's team and expand the functionality of their data warehouses.,"N-iX is a global software solutions and engineering services company that helps the world’s leading organizations turn challenges into lasting business value,  operational efficiency,  and revenue growth using modern technology. With over 2,000 professionals in 25 countries across Europe and the Americas, N-iX offers expert solutions in cloud, data analytics, embedded software, IoT, AI, machine learning, and other tech domains. Being in business for over two decades, we have worked with dozens of industry-leading enterprises and Fortune 500 companies, creating value across a wide variety of sectors, including finance, manufacturing, supply chain, retail, and more.",4.8,4.7,4.3,5.0,2,-1
https://cobit-solutions.com/en/?utm_campaign=directory&utm_medium=referral&utm_source=themanifest.com,Cobit Solutions,10,https://clutch.co/profile/cobit-solutions?utm_source=themanifest&utm_medium=profile&utm_content=2033020800000#reviews,5000,30,Kyiv,"Tehnomart, Alfa Insurance, Dobrobut, Meest China","Cobit Solutions has implemented Power BI for a digital marketing and design agency. They've also developed four dashboards for different departments, importing data from the client's CRM, ERP, and API systems.","Cobit Solutions is a business intelligence company with a deep expertise in Power BI, Azure, SSIS, SSAS, ETL, DWH. Based in US Colorado and Kyiv, Ukraine offices. Launched in 2018, a team has successful projects with companies in 22 industries. Their services include turn-key projects and outstaffing data analysts, developers and dedicated teams. Their advantage is a combination of strong IT skills with a profound understanding of business processes and corporate finances.",5.0,5.0,5.0,5.0,0,0
https://mighty.digital/?utm_campaign=directory&utm_medium=referral&utm_source=themanifest.com,Mighty Digital,9,https://clutch.co/profile/mighty-digital?utm_source=themanifest&utm_medium=profile&utm_content=2033020800000#reviews,25000,30,Kyiv,"Spin, Uproad, Feastly, Rarible","Mighty Digital has been hired by an NFT marketplace to build data collection and BI tools. They initially had a planning stage, finalizing the use of tools like Segment, Amplitude, Fivetran, and BQ.","Mighty Digital is a mobile application development firm. The Kyiv, Ukraine-based company was established in 2017. The small team specializes in mobile app development, BI & big data consulting & SI, mobile & app marketing, conversion optimization, and more.",5.0,5.0,5.0,5.0,0,0
https://diceus.com/?utm_campaign=directory&utm_medium=referral&utm_source=themanifest.com,DICEUS,47,https://clutch.co/profile/diceus?utm_source=themanifest&utm_medium=profile&utm_content=2033020800000#reviews,10000,150,Kyiv,"UNIQA, Willis Towers Watson, Fadata, Bank al Etihad",DICEUS was hired by an internet provider to develop a mobile app. The team initially conducted research and created a detailed development plan to ensure a smooth engagement.,"Diceus is a software engineering company headquartered in Kyiv, Ukraine, with offices also in Dubai, New York, and Vilnius, Lithuania. Founded in 2011, they have about 119 employees that do web and custom software development. Clients are mostly small and midmarket businesses in the real estate, healtchare, financial services, and advertising and marketing sectors.",4.9,4.9,4.6,5.0,0,0
https://sigma.software/?utm_campaign=directory&utm_medium=referral&utm_source=themanifest.com,Sigma Software Group,25,https://clutch.co/profile/sigma-software?utm_source=themanifest&utm_medium=profile&utm_content=2033020800000#reviews,50000,5500,L'viv,"Volvo, Scania AB, KnorrBremse, AstraZeneca",Sigma Software Group has developed a mobile app for an equestrian training company. The app features a streaming service that horse riders can use for digital training.,"Sigma Software Group is a software development & consulting partner with headquarters in Lviv, Ukraine, and offices in the USA, Sweden, UK, Canada, Israel, Singapore, UAE, Poland, Latin America, and Portugal. Founded in 2002, the company accounts for over 2000 employees, helping clients from startups to Fortune 500 brands with software product and custom solutions delivery, digital transformation, Big Data, AI/ML, AR/VR, IoT, web & app development services.",4.8,4.7,4.2,5.0,2,-1
https://itrexgroup.com/?utm_campaign=directory&utm_medium=referral&utm_source=themanifest.com,ITRex Group,17,https://clutch.co/profile/itrex-group?utm_source=themanifest&utm_medium=profile&utm_content=2033020800000#reviews,25000,625,Kyiv,"Dollar Shave Club, Dog Vacay, Dun & Bradstreet, Ebooks",Subcontracted resources from ITRex Group augment an internal team and expedite the development of digital solutions.,"ITRex Group is a global technology consulting and custom software development company of 300+ employees, founded in 2009. Their headquarters is in Santa Monica, California, with secondary locations in Warsaw, Poland, Kyiv, Ukraine, and Tbilisi, Georgia. They have in-depth expertise in emerging technologies, including RPA & Intelligent Automation, Big Data, AI and ML, AR/VR, IoT across different industries - Healthcare and Biotech, Supply Chain, Fiance and Banking, Retail and eCommerce, and more. The company has delivered 600+ industry-specific solutions to large enterprises and middle-market companies.",4.9,4.6,4.7,4.8,0,0
https://www.ai.intelliarts.com/?utm_campaign=directory&utm_medium=referral&utm_source=themanifest.com,Intelliarts,7,https://clutch.co/profile/intelliarts?utm_source=themanifest&utm_medium=profile&utm_content=2033020800000#reviews,50000,150,L'viv,"HubSpot, Dell Technologies, EV Connect, Indigo Ag","Intelliarts provides custom software development services for a B2B consulting company. They specialize in XML, doing publishing work and developing automation or converting other formats into XML.","Intelliarts is an Eastern European technology consulting and software engineering company. Founded in 1999, the company helps businesses across the globe accelerate their pace of digital transformation and expand engineering capabilities. Having nearly 100 employees, Intelliarts provides services in technology consulting, R&D, and software engineering.",4.9,5.0,4.7,5.0,0,-1
https://symphony-solutions.com/?utm_campaign=directory&utm_medium=referral&utm_source=themanifest.com,Symphony Solutions,14,https://clutch.co/profile/symphony-solutions?utm_source=themanifest&utm_medium=profile&utm_content=2033020800000#reviews,25000,625,L'viv,"Vivino - #1 wine app/platform in the world (Danmark/USA), HPe - an American multinational enterprise information technology company Blexr - leading affiliate marketing company, , ","A public transportation company hired Symphony Solutions for application development. The team was responsible for the integration of new, flexible ticketing technologies and new account-based ticketing access.","Symphony Solutions is an IT services company based in Amsterdam, with offices in Lviv, Ukraine, Boston, Antwerpen, Belgium, Skopje, Macedonia, Krakow, Poland, and Rzeszow, Poland. Founded in 2009, their team of around 600 employees provides web development, custom software development, mobile app development, application testing, and IT managed services.",4.8,4.8,4.6,4.9,0,1
https://nn.partners/?utm_campaign=directory&utm_medium=referral&utm_source=themanifest.com,NNPARTNERS,6,https://clutch.co/profile/nnpartners?utm_source=themanifest&utm_medium=profile&utm_content=2033020800000#reviews,5000,30,Dnipro,"Ronnie Coleman Signature Series, Beetronics, Learndirect, AgentFire",NNPARTNERS helps a growth mentorship company with the PPC advertising needs of their end clients. Their scope includes creating and managing Google Ads campaigns and making changes to those as needed.,"NNPARTNERS is a remote-first digital agency with roots in Ukraine. Founded in 2020, the team mostly serves midmarket clients in the e-commerce, finance, and online education sectors. Services include Google Ads, Microsoft Ads, Facebook Ads, end-to-end analytics, and data insights.",5.0,4.9,5.0,4.9,0,-1
https://roman.ua/en/?utm_campaign=directory&utm_medium=referral&utm_source=themanifest.com,Roman.ua,11,https://clutch.co/profile/romanua?utm_source=themanifest&utm_medium=profile&utm_content=2033020800000#reviews,5000,30,Kyiv,"SemRush, Kingston, HyperX, Lenovo",Roman.ua provided digital marketing services for a gaming company. The team managed the client's social media and PPC ads in Eastern European markets and set up Google Analytics for their landing pages.,"Roman.ua is a digital marketing agency based in Kiev, Ukraine. Founded in 2008, Roman.ua provides small and midmarket businesses with a wide range of different services such as PPC, email marketing, CRM consulting, digital strategy, and conversion optimization.",5.0,5.0,4.8,5.0,0,0
https://analytics-dot.co/?utm_campaign=directory&utm_medium=referral&utm_source=themanifest.com,Dot Analytics,7,https://clutch.co/profile/dot-analytics?utm_source=themanifest&utm_medium=profile&utm_content=2033020800000#reviews,5000,30,Kyiv,,A parent-teacher communication platform has hired Dot Services for Google Analytics implementation. They help configure their analytics and transfer data from Google Analytics to BigQuery.,"Founded in 2018, Arcane Future is a data science and development company that specializes in big data consulting and artificial intelligence. With two offices in Kiev, Ukraine, the team of 2 works with small, midmarket, and enterprise business in the gaming, gambling, and advertising industries.",5.0,4.6,5.0,4.9,0,0
https://www.softkit.dev/?utm_campaign=directory&utm_medium=referral&utm_source=themanifest.com,Softkit,14,https://clutch.co/profile/softkit?utm_source=themanifest&utm_medium=profile&utm_content=2033020800000#reviews,25000,30,Zaporizhzhia,,A software development firm hired Softkit to provide an Angular and Java engineer. The goal was to develop custom API and analytics widgets. The team was tasked with bringing IoT expertise to the project.,"Softkit is a custom development company headquartered in Zaporizhzhya, Ukraine. Founded in 2019, their team of approximately 7 employees serves mostly small businesses in the advertising, real estate, and legal sectors. Aside from custom software, they also provide web design and development.",4.9,4.8,4.6,4.9,0,-1
https://datarootlabs.com/?utm_campaign=directory&utm_medium=referral&utm_source=themanifest.com,DataRoot Labs,16,https://clutch.co/profile/dataroot-labs?utm_source=themanifest&utm_medium=profile&utm_content=2033020800000#reviews,10000,30,Kyiv,"OLX, Embodied, Servers.com, deckrobot.ai",DataRoot Labs provides ongoing full-cycle software development for a software solutions provider. They have integrated an AI model that allows drivers to deliver loads efficiently.,"DataRoot Labs is a full-service data science and artificial intelligence company with offices in Israel and Ukraine. Since 2016, their team of about 20 work with mainly mid-market clients. They specialize in big data consulting and artificial intelligence.",5.0,4.8,4.9,5.0,0,0
https://blackthorn.ai/?utm_campaign=directory&utm_medium=referral&utm_source=themanifest.com,blackthorn.ai,5,https://clutch.co/profile/blackthornai?utm_source=themanifest&utm_medium=profile&utm_content=2033020800000#reviews,5000,30,L'viv,"HTG Molecular, One.Skin Technologies LLC, Sweet TV, National Healthcare","A surgical center has hired blackthorn.ai for AI & custom software development. Using Python and PHP, they've been taking care of three projects for a clinical study to enable data gathering and consulting.","Artificial intelligence company blackthorn.ai is headquartered in London, United Kingdom. Launched in 2021, the small team offers Artificial Intelligence, IT staff augmentation, and custom software development.",5.0,5.0,4.9,5.0,0,1
https://www.ciklum.com/?utm_campaign=directory&utm_medium=referral&utm_source=themanifest.com,Ciklum,7,https://clutch.co/profile/ciklum?utm_source=themanifest&utm_medium=profile&utm_content=2033020800000#reviews,25000,5500,Sofiivska Borshchahivka,"Jabra, Just Eat, Metro Markets, Mercedes Pay","Ciklum designed and developed a web app to support an education platform. After receiving specific instructions, they built the software using Azure and JavaScript. They also tested the app upon completion.","Ciklum is a software engineering and solutions company headquartered in Kyiv, Ukraine, with offices in the UK, Denmark, Spain, Belarus, and the U.S., and more. With about 3,000 employees, Ciklum not only specializes in software engineering but also provides e-commerce and mobile app development, application testing, IT strategy consulting, and staff augmentation. Their clients range from large multinational companies to fast-growing startups working toward an IPO.",4.8,4.7,3.7,4.7,2,-1
https://jelvix.com/?utm_campaign=directory&utm_medium=referral&utm_source=themanifest.com,Jelvix,21,https://clutch.co/profile/jelvix?utm_source=themanifest&utm_medium=profile&utm_content=2033020800000#reviews,50000,150,Kharkiv,"Auchan, Uniqa, Canon, Samsung","A financial media company has hired Jelvix to provide custom software development. Using JavaScript, they're creating a 2.0 version of the client's SDK to improve its functionalities and performance.","Jelvix is a software development agency founded in 2011. Headquartered in Beersheba, Israel, they also have an office in Kharkiv, Ukraine. With a team of 62 employees, their services include IT staff augmentation, mobile app development, and web development. They primarily serve midmarket clients in the healthcare and medical, financial services, and IT industries.",4.9,5.0,4.9,5.0,0,-1
https://mappitall.com/?utm_campaign=directory&utm_medium=referral&utm_source=themanifest.com,Mappitall,2,https://clutch.co/profile/mappitall?utm_source=themanifest&utm_medium=profile&utm_content=2033020800000#reviews,10000,30,L'viv,"SolarPlus, Utiligize, FuseGIS, ","An IT services company collaborates with Mappitall to develop a GIS solution for a government platform. They have built a web app with an interactive map using HERE Maps API, Mapbox GL, and Node.js.","Mappitall, a big data company, is in Kharkiv, Ukraine. They specialize in BI & big data consulting & SI, ux/ui design, custom software development, web development, and more and were launched in 2016.",4.8,4.5,4.5,5.0,0,1
https://zoolatech.com/?utm_campaign=directory&utm_medium=referral&utm_source=themanifest.com,Zoolatech,8,https://clutch.co/profile/zoolatech?utm_source=themanifest&utm_medium=profile&utm_content=2033020800000#reviews,100000,625,Kyiv,"Nordstrom, Pandora, Wish, Complete Solar","Zoolatech provides application development services for a solar design company. Their team is developing two apps, constantly adding and improving functionalities and features. The solution connects with APIs.","Zoolatech is a custom software development company founded in 2017 in Palo Alto, Calif. with over 50 employees. They are experts in custom software, e-commerce, and mobile app development solutions for clients in the industries of retail and advertising.",4.9,4.9,4.6,5.0,0,-1
https://data-science-ua.com/?utm_campaign=directory&utm_medium=referral&utm_source=themanifest.com,Data Science UA,12,https://clutch.co/profile/data-science-ua?utm_source=themanifest&utm_medium=profile&utm_content=2033020800000#reviews,10000,150,Kyiv,"Outreach.io, Artefact, Everguard.ai, Samba.TV",Data Science UA provided backend software engineering support for a financial company. Their tasks included processing and storing high-volume financial datasets and Creating ETL pipelines.,"Data Science UA is a data science company based in Kyiv, Ukraine. The company, founded in 2016, has a team of more than 25 that provides BI & big data consulting & SI, and AI services to companies in the health care & medical, manufacturing, retail, financial services, and e-commerce industries.",4.9,5.0,4.8,5.0,0,0
https://bios.ua/?utm_campaign=directory&utm_medium=referral&utm_source=themanifest.com,BIOS. Power BI development,8,https://clutch.co/profile/bios-power-bi-development?utm_source=themanifest&utm_medium=profile&utm_content=2033020800000#reviews,1000,30,Kyiv,"Nemiroff, Bayadera, Goodwine, Eko market","BIOS. Power BI development provided BI and analytics support for a wine company. The team helped with customer segmenting in SQL, journey building, and email automation to support the company's marketing.","BIOS. Power BI development is a data analytics company. They are located in Kyiv, Ukraine and have a small team that focuses on BI & big data consulting & SI and cloud consulting & SI. The company was established in 2016.",4.9,5.0,4.9,4.9,0,0
https://www.softserveinc.com/?utm_campaign=directory&utm_medium=referral&utm_source=themanifest.com,SoftServe,3,https://clutch.co/profile/softserve?utm_source=themanifest&utm_medium=profile&utm_content=2033020800000#reviews,50000,10000,L'viv,"Panasonic, Henry Schein Practice Solutions, BMC Software, Avery Products",SoftServe developed an Android app as part of a research and development project. The team provided end-to-end services and offered recommendations on the technology used.,"Founded in 1993, SoftServe is a digital product development firm. SoftServe has its headquarters in Austin, Texas with offices in London, Poland, Germany, Bulgaria and Ukraine. SoftServe's team consists of over 5,000 employees that specialize in custom software development, cybersecurity and web development. SoftServe provides services to clients in the healthcare & medical, information technology and retail industries.",4.8,4.7,4.3,4.8,2,-1
http://gt-hq.com/?utm_campaign=directory&utm_medium=referral&utm_source=themanifest.com,GT,12,https://clutch.co/profile/gt-1?utm_source=themanifest&utm_medium=profile&utm_content=2033020800000#reviews,25000,150,Kyiv,"Vodori, Holovis, SmartXpo, HeyCharge","GT is helping a healthcare consultancy with their custom development projects, including building an e-commerce website, a corporate self-service kiosk, and a lateral flow verification platform.","Global Talent is an IT firm based in London with more than 50 experts. Since their founding in 2017, they have provided IT staff augmentation, custom software development, and IT strategy consulting solutions for clients ranging from small firms to large companies.",4.8,4.8,4.2,5.0,0,0
http://quda.io/?utm_campaign=directory&utm_medium=referral&utm_source=themanifest.com,quda,7,https://clutch.co/profile/quda?utm_source=themanifest&utm_medium=profile&utm_content=2033020800000#reviews,5000,30,L'viv,Comparitech,quda was hired to redesign and develop the UI of an intranet-based website using Tableau as its main software. This includes reassessing the site's functions and overall UI design.,"QUDA is a business intelligence and data engineering company based in Lviv, Ukraine. The company, founded in 2018, has a team of more than ten that provides BI & big data consulting & SI to midmarket and other-sized companies in the business services, IT, advertising & marketing, and other industries.",5.0,4.9,4.9,5.0,0,1
https://beardsanalytics.com/?utm_campaign=directory&utm_medium=referral&utm_source=themanifest.com,Beards analytics,7,https://clutch.co/profile/beards-analytics?utm_source=themanifest&utm_medium=profile&utm_content=2033020800000#reviews,10000,6,Kyiv,,A financial firm hired Beards analytics to evaluate the costs of their customer engagement efforts. The team built a solution to streamline the process and better calculate the effectiveness of their campaigns.,"Big data analytics company Beards analytics was established in 2020. The agency offers BI & big data consulting & SI and has a small team. The agency is based in Kyiv, Ukraine.",5.0,5.0,4.9,4.9,0,0
https://ontargit.com/en/?utm_campaign=directory&utm_medium=referral&utm_source=themanifest.com,OntargIT,4,https://clutch.co/profile/ontargit?utm_source=themanifest&utm_medium=profile&utm_content=2033020800000#reviews,25000,150,Kyiv,,OntargIT integrated a Microsoft Dynamic 365 Sales into an automotive company’s system from scratch. The team conducted product research then started developing additional features for the new CRM tool.,"OntargIT is an ERP consulting and SI company launched in 2009. They are headquartered in Kyiv, Ukraine; Issaquah, Washington and Québec, Canada and have a midsize team. Their services include ERP consulting and SI, CRM consulting and SI, and BI & big data consulting & SI.",5.0,5.0,5.0,5.0,0,0
https://deepinspire.com/?utm_campaign=directory&utm_medium=referral&utm_source=themanifest.com,DeepInspire,12,https://clutch.co/profile/deepinspire?utm_source=themanifest&utm_medium=profile&utm_content=2033020800000#reviews,25000,30,L'viv,,DeepInspire has developed a tech stack for a fintech company to automate their product suite. The deliverable is an OTC trade negotiation and execution platform. Around eight teammates work on this project.,"DeepInspire is a web development agency based in Lviv, Ukraine with a team of 39 professionals. Since 2000, the company has provided small startups and large corporations alike with their UX/UI design, web design, and web development needs. They work in industries such as education, real estate, and business services.",5.0,4.9,4.9,4.9,0,1
https://theappsolutions.com/?utm_campaign=directory&utm_medium=referral&utm_source=themanifest.com,The APP Solutions,15,https://clutch.co/profile/app-solutions?utm_source=themanifest&utm_medium=profile&utm_content=2033020800000#reviews,10000,150,Kyiv,"Google Cloud Platform, Meet The Table, Calmerry, HYPR",The APP Solutions provides staff augmentation services for a preventative healthcare platform's mobile engineering team. The augmented team has collaborated to develop design models and mobile prototypes.,"The APP Solutions is a web and mobile development company headquartered in Kiev, Ukraine, and Wilmington, Del. Founded in 2013, The APP Solutions' team of around 60 specializes in web development, mobile app development, and UX/UI design, primarily for small and midmarket businesses.",4.8,4.7,4.8,4.9,0,0
https://jevera.software/?utm_campaign=directory&utm_medium=referral&utm_source=themanifest.com,JEVERA Software Solutions,11,https://clutch.co/profile/jevera-software-solutions?utm_source=themanifest&utm_medium=profile&utm_content=2033020800000#reviews,50000,150,Kyiv,"Effortel SA, RightWay, XM^online, NOVUS UKRAINE","JEVERA Software Solutions provides ongoing development services for a complex system, including design, development, and post-productive support. They used Express.js, Angular, CSS3, and more.","JEVERA is a high-end software solution company located in Kiev, Ukraine. Founded in 2009, their 50 employees offer BI & big data consulting, custom software development, and enterprise app modernization services to their clients.",4.8,4.6,4.4,4.8,0,-1
https://groupbwt.com/?utm_campaign=directory&utm_medium=referral&utm_source=themanifest.com,GroupBWT,10,https://clutch.co/profile/groupbwt?utm_source=themanifest&utm_medium=profile&utm_content=2033020800000#reviews,5000,150,Zaporizhzhia,"World Health Organization, Columbia University, Kimberly Clark, Simba Sleep","GroupBWT provides ongoing development services, delivering features and products using PHP, Laravel, NginX, and Node.js. The main project to date was a web app that features live, video classes with a trainer.","GroupBWT is a digital transformation agency located in Ukraine. Founded in 2009, they have 100 employees who serve startups to enterprises and governmental organizations in fintech, e-commerce/retail, healthcare, e-learning, and event management industries. Their focus is on digital product design, custom software development, ERP and automation solutions for enterprises, data mining and data enrichment, data Science, and natural language processing.",4.9,5.0,4.9,5.0,0,-1
https://quantumobile.com/?utm_campaign=directory&utm_medium=referral&utm_source=themanifest.com,Quantum,14,https://clutch.co/profile/quantum?utm_source=themanifest&utm_medium=profile&utm_content=2033020800000#reviews,50000,150,L'viv,"US, European, and Middle East software companies and technology startups that apply Data Science & Data Analytics to cope with emerging challenges and keep on top of the innovation market. Corvus Drones, SeeTree, Nutanix, Planet.de",Quantum developed a data preprocessing pipeline for a drone manufacturer.,"Quantum is a data science and software development company. They have a local presence in Delaware, the Netherlands, Israel, and have a research and development center in Ukraine. The company of 60+ was founded in 2015 and provides Machine Learning, Data Analytics, and Customer Software Development Services.",5.0,4.9,4.6,5.0,0,-1
https://spaceport.pw/?utm_campaign=directory&utm_medium=referral&utm_source=themanifest.com,Spaceport,1,https://clutch.co/profile/spaceport?utm_source=themanifest&utm_medium=profile&utm_content=2033020800000#reviews,5000,30,Kharkiv,"NLG, FQA, NLP, ","Spaceport helped rebuild a legacy app, updating the technology to run in Docker containers and use RESTful APIs. The new solution consists of microservices running in Docker containers and is easy to manage.","Spaceport is a big data company based in Kyiv, Ukraine. Founded in 2010, this company has 10+ employees. Services provided by Spaceport include cloud consulting, BI, SI, and big data consulting for small to midmarket companies.",5.0,5.0,5.0,5.0,0,-1
http://www.datalabsua.com/?utm_campaign=directory&utm_medium=referral&utm_source=themanifest.com,DataLabs,2,https://clutch.co/profile/datalabs?utm_source=themanifest&utm_medium=profile&utm_content=2033020800000#reviews,5000,30,Dnipropetrovs'k,"Nectar Services Corp. (USA, nectarcorp.com) Ansell Healthcare Inc. (Worldwide, ansell.com), ",A firm hired DataLabs to create an analytics system to gather all of its ERPs' data. They developed and continue to host a system using QlikView to check APIs to have the ERPs' data in a single dashboard.,"Founded in 2015, DataLabs is a business solutions company that is headquartered in Dnipro, Ukraine. The team of 27 specializes in big data consulting, UC consulting and productivity, and business consulting.",4.8,4.8,5.0,5.0,0,-1
https://power-up.ua/?utm_campaign=directory&utm_medium=referral&utm_source=themanifest.com,Power-UP: Marketing Perfomance Agency,7,https://clutch.co/profile/power-marketing-perfomance-agency?utm_source=themanifest&utm_medium=profile&utm_content=2033020800000#reviews,5000,6,Kyiv,,Power-UP: Marketing Perfomance Agency provides PPC and analytics services to a product photography firm. They scale and optimize the client's Meta and Google Ads portfolios and build an analytics dashboard.,"Power-UP is a conversion optimization company founded in 2017. The small Kyiv, Ukraine-based team offers conversion optimization, BI & big data consulting & SI, and advertising.",4.9,5.0,5.0,4.9,0,0
http://www.am-bits.com.ua/?utm_campaign=directory&utm_medium=referral&utm_source=themanifest.com,AM-BITS,1,https://clutch.co/profile/am-bits?utm_source=themanifest&utm_medium=profile&utm_content=2033020800000#reviews,50000,150,Kyiv,,AM BITS improved a bank database system by integrating Teradata with software to generate reports in real time. The team built multiple extension gateways and ensured data accessibility.,"AM-BITS is an IT solutions firm headquartered in Kiev, Ukraine. Founded in 2016, the agency and its team of 12 specialize in BI & big data consulting, IT managed services, and IT strategy consulting. AM-BITS works primarily with mid-sized clients.",5.0,5.0,5.0,5.0,0,-1
https://crmoz.com/?utm_campaign=directory&utm_medium=referral&utm_source=themanifest.com,CRMOZ,1,https://clutch.co/profile/crmoz?utm_source=themanifest&utm_medium=profile&utm_content=2033020800000#reviews,5000,30,Kyiv,,"A B2B automotive company was dealing with some difficulties with their Zoho CRM. They brought on CRMOZ in order to help sync, automate, and develop solutions wherever they were necessary.","CRMOZ is a CRM consulting and SI company. Launched in 2016, the team specializes in CRM consulting and SI, BI & big data consulting & SI, application management & support, and other application development. Their small company is located in Kyiv, Ukraine.",5.0,5.0,5.0,5.0,0,0
http://www.udevhub.com/?utm_campaign=directory&utm_medium=referral&utm_source=themanifest.com,UDEV HUB,5,https://clutch.co/profile/udev-hub?utm_source=themanifest&utm_medium=profile&utm_content=2033020800000#reviews,25000,625,Kyiv,"GBS SOLUTIONS, PZU, KNIAZHA VIG, NETTOTER","Ukrainian development HUB provides cybersecurity consultations for a cybersecurity consultancy's client. In order to secure the third party's infrastructure, they provide remote and on-site consultations.","UDEV HUB is a software development company founded in 2018 in Kyiv, Ukraine with over 250 members. They specialize in cybersecurity, IT staff augmentation, and custom software development solutions for clients in the fields of financial services, e-commerce, and education.",4.9,4.5,5.0,5.0,0,0
https://flyaps.com/software-development-new-york/?utm_campaign=directory&utm_medium=referral&utm_source=themanifest.com,Flyaps,6,https://clutch.co/profile/flyaps?utm_source=themanifest&utm_medium=profile&utm_content=2033020800000#reviews,25000,30,Dnipro,"Yaana Technologies, MyersBizNet, NetSpark IP & Telecom, Relocate.me","Flyaps is building a mobile-friendly web app for a telecom company’s internal use. Built in SQL and Python, it automates administrative tasks and connects the client’s back office to their frontline sales.","Flyaps is a technology consulting firm based in Dnipro, Ukraine, with an office in New York. The firm, founded in 2013, has a team of around 20 that provides custom software development, AI, BI & big data consulting & SI, web development, and cybersecurity services to midmarket and other-sized companies in the telecommunications and media industries.",4.8,4.6,5.0,5.0,0,-1
https://vantino.com/?utm_campaign=directory&utm_medium=referral&utm_source=themanifest.com,Vantino,2,https://clutch.co/profile/vantino?utm_source=themanifest&utm_medium=profile&utm_content=2033020800000#reviews,5000,30,Kyiv,"Schilliger, Synergix, VisionApartments, Creative Technologies",Vantino provided IT consulting and SI for a telemedicine platform. The team was tasked with reviewing the client's code.,"Vantino is a software development company based in Geneva with another location in Kyiv, Ukraine. They have a team of around 15 employees and were founded in 2004. Their services include IT managed services, custom software development, web development, mobile app development, and e-commerce development.",5.0,4.5,5.0,5.0,0,0
https://www.probegin.com/?utm_campaign=directory&utm_medium=referral&utm_source=themanifest.com,PROBEGIN,2,https://clutch.co/profile/probegin?utm_source=themanifest&utm_medium=profile&utm_content=2033020800000#reviews,10000,150,L'viv,,An e-commerce platform for rapid COVID-19 antigen tests needed a hands-on partner to design their logo and implement a smart multi-lingual e-commerce solution for the Dutch and Ukrainian markets.,"PROBEGIN B.V. is a software development outsourcing company based in Lelystad, Netherlands. The company, founded in 2012, has a team of more than 30 that provides custom software development, web development, e-commerce development, BI & big data consulting & SI, enterprise app modernization, and mobile app development services. PROBEGIN serves mid-market and small companies in various industries that include IT, telecommunications, and energy & natural resources.",5.0,5.0,5.0,5.0,0,1
http://www.softelegance.com/?utm_campaign=directory&utm_medium=referral&utm_source=themanifest.com,SoftElegance,6,https://clutch.co/profile/softelegance?utm_source=themanifest&utm_medium=profile&utm_content=2033020800000#reviews,10000,30,Kyiv,"WellEz, eConscribi International, Retail Technologies Inc., ","SoftElegance first rewrote a signing/labeling print solution and they now develop new features for it, resolve discovered bugs, and provide ongoing support.","SoftElegance is a custom software development company in Kiev, Ukraine; they have other offices in Houston and London. Founded in 1993, they have about 34 employees that provide services for BI & big data consulting & SI, web development, and custom software development. Most clients are small businesses.",4.6,4.5,4.6,4.8,0,0
https://inspiri.to/?utm_campaign=directory&utm_medium=referral&utm_source=themanifest.com,InSpirito,4,https://clutch.co/profile/inspirito?utm_source=themanifest&utm_medium=profile&utm_content=2033020800000#reviews,10000,30,L'viv,"Kapital Bank, Limo Wien Car Rental, Bank of Bacu, Ticket Club","InSpirito completed discovery for a CRM development project, so a fertilizer distributor could create a database of clients, collect information, and organize task management.","InSpirito is an outsourcing software development company based in Lviv, Ukraine, with a team of 9 employees. Founded in 2015, the agency offers web and mobile development, IT strategy consulting, and e-commerce development.",4.8,4.8,4.9,4.8,0,1
https://itp.biz/?utm_campaign=directory&utm_medium=referral&utm_source=themanifest.com,InTech Partner,1,https://clutch.co/profile/intech-partner?utm_source=themanifest&utm_medium=profile&utm_content=2033020800000#reviews,10000,30,Kyiv,,"An IT corporation is collaborating with InTech Partner to provide SAP, Microsoft, business application, and strategic outsourcing solutions. The team uses an agile methodology for software development projects.","InTech Partner is a data analytics company. They are located in Kyiv, Ukraine and have a small team. Their team specializes in BI & big data consulting & SI, cloud consulting & SI, ERP consulting and SI, IT managed services, and more.",5.0,5.0,4.0,5.0,0,0
https://ensocore.com/?utm_campaign=directory&utm_medium=referral&utm_source=themanifest.com,Ensocore,4,https://clutch.co/profile/ensocore?utm_source=themanifest&utm_medium=profile&utm_content=2033020800000#reviews,5000,30,Kyiv,"Blauberg, VENTS, HVP Tech, Mamamia",A ventilation company hired Ensocore to launch and support its web service. The goal of the project was to automate the selection systems and ease the communication between the sales and engineering teams.,"Ensocore is an IT research and development agency headquartered in Kyiv, Ukraine. Founded in 2017, their team of less than 50 focuses on midmarket clients in consumer products, business services, and other industries. Services include web development, mobile app development, and custom software development.",5.0,5.0,4.9,5.0,0,0
https://postdata.ai/?utm_campaign=directory&utm_medium=referral&utm_source=themanifest.com,Postdata,2,https://clutch.co/profile/postdata?utm_source=themanifest&utm_medium=profile&utm_content=2033020800000#reviews,10000,6,Kyiv,,Postdata was hired by a software development company to develop a solution for one of their projects. The system was meant for managing seafood production data with additional modules.,"Located in Kyiv, Ukraine, Postdata is a website development firm. The small firm was launched in 2020. Their team offers web development, Artificial Intelligence, BI & big data consulting & SI, product design, and more.",5.0,5.0,4.5,5.0,0,0
https://www.global-mediator.com/?utm_campaign=directory&utm_medium=referral&utm_source=themanifest.com,Global Mediator,0,,1000,150,Kyiv,"Abakion, Forto, Össur, Acadon, VOS, Kaunt, Draycir",,"Business consulting company Global Mediator is located in Lillerød, Denmark; Kyiv, Ukraine and București, Romania. The agency offers business consulting, BI & big data consulting & SI, and application management & support and is midsize.The agency was launched in 2012.",0.0,0.0,0.0,0.0,1,2
https://greenm.io/?utm_campaign=directory&utm_medium=referral&utm_source=themanifest.com,GreenM,0,,100000,150,Kyiv,,,"GreenM is a small Redwood City, California-based IT staff augmentation company. They offer IT staff augmentation, custom software development, and web development and were founded in 2014.",0.0,0.0,0.0,0.0,1,-1
https://modex.one/?utm_campaign=directory&utm_medium=referral&utm_source=themanifest.com,Modex Analytics,0,,10000,30,Kyiv,,,"Big data company Modex Analytics was launched in 2016. They are based in Den Haag, Netherlands and Kyiv, Ukraine and have a small team. Their services include BI & big data consulting & SI, Artificial Intelligence, and business consulting.",0.0,0.0,0.0,0.0,1,2
https://www.luxoft.com/?utm_campaign=directory&utm_medium=referral&utm_source=themanifest.com,Luxoft,0,,5000,10000,Kyiv,,"LuxSoft provided Managed IT Services for an IT company. This involved IT services and consulting for day-to-day issues, as well as larger projects such as cloud migrations.","Established in 2000, Luxoft is a large IT staff augmentation company. Their services include IT staff augmentation, custom software development, BI & big data consulting & SI, and blockchain. The agency is located in București, Romania; Zabierzów, Poland; Kyiv, Ukraine and Moscow, Russia.",0.0,0.0,0.0,0.0,2,-1
https://iwis.io/?utm_campaign=directory&utm_medium=referral&utm_source=themanifest.com,IWIS UKRAINE LLC,0,,10000,150,Kyiv,,,"In Kyiv, Ukraine, IWIS UKRAINE LLC is a midsize software development firm. The team focuses on custom software development, BI & big data consulting & SI, and web development.",0.0,0.0,0.0,0.0,1,2
https://trm.solutions/?utm_campaign=directory&utm_medium=referral&utm_source=themanifest.com,Team Rainmakers,7,https://clutch.co/profile/team-rainmakers?utm_source=themanifest&utm_medium=profile&utm_content=2033020800000#reviews,10000,30,L'viv,,"Using Xamarin, Team Rainmakers developed and coded a mobile app for field agents that works on Windows, iOS, and Android. They also helped with backend API integration.","Founded in 2015, Team Rainmakers is a software solutions provider that offers web development, mobile app development, and UX/UI design services to their clients. Their 50 employees are based out of Lviv.",4.7,4.6,4.9,4.9,0,1
https://dedicatted.com/?utm_campaign=directory&utm_medium=referral&utm_source=themanifest.com,Dedicatted,2,https://clutch.co/profile/dedicatted?utm_source=themanifest&utm_medium=profile&utm_content=2033020800000#reviews,25000,150,L'viv,,An IT consulting company needed help with a DevOps project. Dedicatted helped them build SAP software for an end client; they wrote code infrastructure to deploy the system into AWS and made it scalable.,"Dedicatted is a IT strategy consulting company. Founded in 2015, the team focuses on IT strategy consulting, cloud consulting & SI, cybersecurity, IT managed services, and more. Their small company is Tallinn, Estonia-based.",5.0,5.0,5.0,5.0,0,1
https://usoftware.co/?utm_campaign=directory&utm_medium=referral&utm_source=themanifest.com,uSoftware,6,https://clutch.co/profile/usoftware-0?utm_source=themanifest&utm_medium=profile&utm_content=2033020800000#reviews,250000,150,L'viv,"Uber, CopeCart, Virgin Mobile, Agility","United Software provides recruitment services for a payment solutions company. Their work included analysis, brainstorming, and execution.","United Software is an IT firm based in Lviv, Ukraine, and founded in 2019. With more than 50 experts, they offer IT staff augmentation, IT managed services, and big data consulting solutions for clients that work in the industries of transportation, e-commerce, and telecommunications.",5.0,4.8,4.3,5.0,0,-1
http://customsolutions.info/?utm_campaign=directory&utm_medium=referral&utm_source=themanifest.com,Custom Solutions,3,https://clutch.co/profile/custom-solutions?utm_source=themanifest&utm_medium=profile&utm_content=2033020800000#reviews,10000,30,Dnipropetrovs'k,SlotTrak,Custom Solutions was hired by a SaaS company as a full-stack development team for a software development company. They utilized ASP.NET on the backend and Angular on the frontend.,"Custom Solutions is a software company based in Dnipro, Ukraine, and founded in 2015. With over 10 employees, they offer custom software development, e-commerce development, and big data consulting solutions for various clients.",4.8,4.8,4.8,4.7,0,-1
https://www.smartrockstars.com/?utm_campaign=directory&utm_medium=referral&utm_source=themanifest.com,Smart Rockstars,5,https://clutch.co/profile/smart-rockstars?utm_source=themanifest&utm_medium=profile&utm_content=2033020800000#reviews,25000,30,L'viv,,"Smart Rockstars provided web development services. They created system architecture, integrated a backend with servers, and worked with data analysis functions.","Smart Rockstars is a web and software development firm headquartered in Lviv, Ukraine. Founded in 2015, their team of approximately 15 employees primarily serves mid-market clients in the energy, financial, and healthcare sectors. They also provide DevOps support and QA testing. They have additional offices in Montreal, Canada, and Krakow, Poland.",4.8,4.6,4.8,5.0,0,1
https://weone.ai/?utm_campaign=directory&utm_medium=referral&utm_source=themanifest.com,WeOne,2,https://clutch.co/profile/weone?utm_source=themanifest&utm_medium=profile&utm_content=2033020800000#reviews,0,30,L'viv,,"Semicolon Lab provides a remote augmented team of 12 developers with in-depth Java skill and exceptional communication. The team conducts testing, migrating, and coding, and provides guidance on best practices.","Semicolon Lab is an IT consulting company based in Lviv, Ukraine. The company, founded in 2017, has a team of more than ten that provides, among others, IT staff augmentation, web development, and mobile app development services to companies, particularly in the business services, IT, and consumer products and services industries.",5.0,5.0,4.8,5.0,0,1
https://opinov8.com/?utm_campaign=directory&utm_medium=referral&utm_source=themanifest.com,Opinov8 Technology Services,14,https://clutch.co/profile/opinov8-technology-services?utm_source=themanifest&utm_medium=profile&utm_content=2033020800000#reviews,50000,625,Kyiv,"Fortune 500 Companies, Computer and IT service business. Leading Global Media companies. Global Logistics Technology business, Leading European Fintech Platform businesses. Global Tire Manufacturers. Leading European Car Manufacturer.  Top 100 Swiss Healthtech Startup. Many more, ","A gambling company hired Opinov8 Technology Services for app development, a website refresh, and resources for their gaming system. Key technologies include React and .NET.","Headquartered in London, Opinov8 Technology Services is a technology solutions company that was founded in 2016. With offices in Ukraine and Spain, the team of 88 works with mid-market and small businesses in the financial services, advertising, marketing, gambling, hospitality, IT, and media industries. Opinov8 specializes in custom software development, enterprise app modernization, big data consulting, and clould consulting for clients.",4.8,4.5,4.4,4.9,0,-1
https://prostir.one/?utm_campaign=directory&utm_medium=referral&utm_source=themanifest.com,Prostir,1,https://clutch.co/profile/prostir?utm_source=themanifest&utm_medium=profile&utm_content=2033020800000#reviews,10000,6,Kyiv,"BSG, Mobirich, Testelium, Insfero","Prostir built a software solution to automate legal document and report creation for a law firm. After scoping the project, they conducted end-to-end development with weekly feedback. The project is ongoing.","Founded in 2017, Prostir is a development firm. Their team of around 10 employees is based in Tallinn, Estonia, with an additional office in Kyiv, Ukraine. They focus on custom software development, big data consulting, and cybersecurity.",5.0,5.0,4.5,5.0,0,0
https://dex.re/?utm_campaign=directory&utm_medium=referral&utm_source=themanifest.com,Dex Technologies,1,https://clutch.co/profile/dex-technologies?utm_source=themanifest&utm_medium=profile&utm_content=2033020800000#reviews,5000,6,Kyiv,,Dex Technologies developed an analytic model with the aim of solving a cybersecurity challenge. This model would be integrated into a broader AI product.,"Dex Technologies is an AI firm based in Kyiv, Ukraine. Founded in 2017, their team of 8 serves clients in the healthcare and IT sectors. Services include custom software development and BI & Big Data Consulting.",5.0,5.0,5.0,5.0,0,0
https://mouseover.io/?utm_campaign=directory&utm_medium=referral&utm_source=themanifest.com,MouseOver,1,https://clutch.co/profile/mouseover?utm_source=themanifest&utm_medium=profile&utm_content=2033020800000#reviews,25000,6,L'viv,,"MouseOver provides development and architecture services for a QA automation company. The team has built the necessary architecture for the firm's social learning platform, helping to launch it to end users.","Custom software development firm MouseOver was founded in 2019. The agency offers custom software development, cloud consulting & SI, BI & big data consulting & SI, web development, and more and has a small team. The agency is based in L'viv, Ukraine.",5.0,5.0,5.0,5.0,0,1
https://bi-os.com.ua/?utm_campaign=directory&utm_medium=referral&utm_source=themanifest.com,BIOS LLC,0,,1000,6,Kyiv,,,"BIOS LLC is a small business intelligence company. Founded in 2016, the firm is located in Kyiv, Ukraine. Their team offers BI & big data consulting & SI, web development, custom software development, application management & support, and more.",0.0,0.0,0.0,0.0,1,2
http://abstract-r.com/?utm_campaign=directory&utm_medium=referral&utm_source=themanifest.com,abstractR,6,https://clutch.co/profile/abstractr?utm_source=themanifest&utm_medium=profile&utm_content=2033020800000#reviews,25000,30,Kyiv,"Nimble inc, GoodData, Open source, ","abstractR supported custom software development for a software company’s end client. They focused on distributed web crawler with various technologies like Python, Celery, Redis, lxml, and Elasticsearch.","abstractR is a software development services company based in Brno-Country District, Czech Republic, with an office in Kyiv, Ukraine. The company, founded in 2018, has a team of less than ten that provides BI & big data consulting & SI, and AI services. abstractR serves small and mid-market companies in various industries.",4.9,5.0,4.6,4.9,0,0
https://amazinum.com/?utm_campaign=directory&utm_medium=referral&utm_source=themanifest.com,Amazinum,1,https://clutch.co/profile/amazinum?utm_source=themanifest&utm_medium=profile&utm_content=2033020800000#reviews,1000,150,Ternopil,,Amazinum provided data science services for a fashion house. They created Zeppelin notebooks and dashboards and optimized data processing to help with data analysis for membership and loyalty.,"Amazinum, an AI company, was launched in 2020. The firm specializes in Artificial Intelligence, advertising, BI & big data consulting & SI, cloud consulting & SI, and more and has a small team. The firm is in Ternopil, Ukraine.",5.0,5.0,5.0,5.0,0,-1
http://www.keelsolution.com/?utm_campaign=directory&utm_medium=referral&utm_source=themanifest.com,Keel Solution,0,,10000,150,Lviv,,,"Keel Solution is a midsize business intelligence company based in Copenhagen, Denmark and Lviv, Ukraine. They specialize in BI & big data consulting & SI, cloud consulting & SI, ERP consulting and SI, and IT managed services and were founded in 2008.",0.0,0.0,0.0,0.0,1,-1
https://scalhive.com/?utm_campaign=directory&utm_medium=referral&utm_source=themanifest.com,ScalHive LLC,0,,10000,30,Ternopil,,,"ScalHive LLC is a Ternopil, Ukraine-based cloud consulting & SI company. They specialize in cloud consulting & SI, BI & big data consulting & SI, custom software development, and IT strategy consulting and were founded in 2016.",0.0,0.0,0.0,0.0,1,-1
https://orientedsoft.com/?utm_campaign=directory&utm_medium=referral&utm_source=themanifest.com,Oriented Soft AS,0,,10000,150,Kyiv,,,"Oriented Soft AS is a custom software development company. They are headquartered in Grimstad, Norway and Kyiv, Ukraine and have a midsize team. Their services include custom software development, IoT development, e-commerce development, BI & big data consulting & SI, and more.",0.0,0.0,0.0,0.0,1,2
https://zapalean.com/?utm_campaign=directory&utm_medium=referral&utm_source=themanifest.com,Zapalean,0,,1000,6,Kyiv,,,"Big data company Zapalean was founded in 2016. The company provides BI & big data consulting & SI, cloud consulting & SI, and IT strategy consulting and has a small team.",0.0,0.0,0.0,0.0,1,2
https://www.ginianalytics.com/?utm_campaign=directory&utm_medium=referral&utm_source=themanifest.com,GiniAnalytics,0,,10000,30,Dnipro,,,"GiniAnalytics, a small other digital marketing company, is based in Dnipro, Ukraine. Launched in 2017, the team offers other digital marketing, BI & big data consulting & SI, e-commerce development, Artificial Intelligence, and more.",0.0,0.0,0.0,0.0,1,-1
https://pwrteams.com/?utm_campaign=directory&utm_medium=referral&utm_source=themanifest.com,pwrteams,24,https://clutch.co/profile/pwrteams?utm_source=themanifest&utm_medium=profile&utm_content=2033020800000#reviews,5000,625,Kyiv,"SiteCore, GS1, Valo Intranet, Televic","pbteams helps a wellness and fitness coaching firm build and maintain their Node.js backend and React frontend. They manage the entire DevOps, leverage Kubernetes and CloudAMQP, and test the platform.","Skelia is an IT company that was founded in 2008. Headquartered in Luxembourg, they have service centers in Poland, Ukraine and offices in the U.S., the U.K., and the Netherlands. They are made up of 350 employees and specialize in IT and engineering staff augmentation and building affiliate companies in eastern Europe. They also provide on-demand mobile development, software testing, and RPA services for businesses of all sizes.",4.8,4.6,4.3,4.8,0,0
http://work-nest.com/?utm_campaign=directory&utm_medium=referral&utm_source=themanifest.com,WorkNest,0,,0,150,Kyiv,,,"WorkNest, a midsize big data company, is located in Kyiv, Ukraine. Their services include BI & big data consulting & SI, IT managed services, mobile app development, other IT consulting and SI, and more.",0.0,0.0,0.0,0.0,1,2
https://adimen.tech/?utm_campaign=directory&utm_medium=referral&utm_source=themanifest.com,Adimen,0,,5000,30,Odesa,,,"Adimen is an artificial intelligence development company established in 2018. Their small team is headquartered in Odesa, Ukraine. The company specializes in Artificial Intelligence, cloud consulting & SI, custom software development, BI & big data consulting & SI, and more.",0.0,0.0,0.0,0.0,1,-1
https://quontex.co/?utm_campaign=directory&utm_medium=referral&utm_source=themanifest.com,Quontex,0,,10000,150,Sofiivska Borshchahivka,,,"Custom software development firm Quontex is based in LONDON, United Kingdom and Sofiivska Borshchahivka, Ukraine. The midsize agency was established in 2017. Their services include custom software development, IT staff augmentation, BI & big data consulting & SI, IT managed services, and more.",0.0,0.0,0.0,0.0,1,-1
https://datrock.co/?utm_campaign=directory&utm_medium=referral&utm_source=themanifest.com,Datrock,0,,1000,6,Kyiv,,,"Datrock is an IT managed services company. They focus on IT managed services, BI & big data consulting & SI, custom software development, and web development and were founded in 2018. Their small team is based in Kyiv, Ukraine.",0.0,0.0,0.0,0.0,1,2
https://aimapa.com/?utm_campaign=directory&utm_medium=referral&utm_source=themanifest.com,aimap,0,,5000,30,Kyiv,,,"Based in Kyiv, Ukraine; Shevchenkove, Ukraine; Karlsruhe, Germany and Wieliczka, Poland, aimap is a AI company. The small team specializes in Artificial Intelligence. The firm was founded in 2019.",0.0,0.0,0.0,0.0,1,2
https://allatrack.com/?utm_campaign=directory&utm_medium=referral&utm_source=themanifest.com,Allatrack,0,,25000,30,Kyiv,,,"Data analytics company Allatrack is based in Kyiv, Ukraine. The small team offers BI & big data consulting & SI, ERP consulting and SI, web development, and mobile app development. The agency was launched in 2016.",0.0,0.0,0.0,0.0,1,2
http://datagazer.io/?utm_campaign=directory&utm_medium=referral&utm_source=themanifest.com,Datagazer,0,,10000,6,Kyiv,,,"Datagazer, a custom software development firm, was established in 2018. Their small team is headquartered in Kyiv, Ukraine. Their services include custom software development, BI & big data consulting & SI, IT managed services, web development, and more.",0.0,0.0,0.0,0.0,1,2
https://www.vodworks.com/?utm_campaign=directory&utm_medium=referral&utm_source=themanifest.com,Vodworks,4,https://clutch.co/profile/vodworks?utm_source=themanifest&utm_medium=profile&utm_content=2033020800000#reviews,50000,150,L'viv,,Vodworks has provided website development and design services for an advertising and marketing company. The team has created and managed the client's website and designed the overall architecture system.,"Vodworks is a London, United Kingdom-based data analytics company. They offer BI & big data consulting & SI, custom software development, broadcast video, IT strategy consulting, and more and were launched in 2011.",5.0,5.0,5.0,5.0,0,-1
https://www.rework-space.com/?utm_campaign=directory&utm_medium=referral&utm_source=themanifest.com,Rework-Space,0,,10000,6,Ternopil,,,"Launched in 2021, Rework-Space is a cloud consulting & SI company. The small Ternopil, Ukraine-based team specializes in cloud consulting & SI, BI & big data consulting & SI, cybersecurity, IT staff augmentation, and more.",0.0,0.0,0.0,0.0,1,-1
https://z9.com.ua/uslugi/?oblast=it-autsors&utm_campaign=directory&utm_medium=referral&utm_source=themanifest.com,Gyrus LLC,0,,0,6,Kyiv,,,"Based in Kyiv, Ukraine, Gyrus LLC is a IT managed services company. The small agency was launched in 2016. Their services include IT managed services, BI & big data consulting & SI, cloud consulting & SI, CRM consulting and SI, and more.",0.0,0.0,0.0,0.0,1,2
https://envionsoftware.com/?utm_campaign=directory&utm_medium=referral&utm_source=themanifest.com,Envion Software,0,,0,150,Kharkiv,,,"Envion Software is a Kharkiv, Ukraine-based big data analytics company. The midsize team focuses on BI & big data consulting & SI, custom software development, web development, and mobile app development. The firm was established in 1984.",0.0,0.0,0.0,0.0,1,-1
https://tagespot.com/?utm_campaign=directory&utm_medium=referral&utm_source=themanifest.com,TageSpot,0,,25000,30,L'viv,,,"TageSpot is an IT strategy consulting company. Their small team is located in L'viv, Ukraine. Their team focuses on IT strategy consulting, cloud consulting & SI, custom software development, AR/VR development, and more.",0.0,0.0,0.0,0.0,1,-1
http://www.future-processing.com/?utm_campaign=directory&utm_medium=referral&utm_source=themanifest.com,Future Processing,38,https://clutch.co/profile/future-processing?utm_source=themanifest&utm_medium=profile&utm_content=2033020800000#reviews,25000,625,Ternopil,"Allocate, Demica, 4 finance, Coconet","Future Processing provided software development for a mortgage and brokerage startup. The team built an MVP for a tool that could match end customers’ cases with bank rules, regulations, and interest rates.","Future Processing is a software developer based in Gliwice, Poland. Founded in 2000, they now have more than 900 employees. They specialize in custom software development, web development, and enterprise app modernization for primarily midmarket and small business companies in the healthcare, IT, and transportation industries.",4.7,4.6,4.4,4.9,0,-1
https://videal.com/?utm_campaign=directory&utm_medium=referral&utm_source=themanifest.com,Videal,0,,0,30,Kharkiv,,,"Big data company Videal was established in 2007. The small team focuses on BI & big data consulting & SI, cloud consulting & SI, IT managed services, and IT strategy consulting. The agency is located in Kharkiv, Ukraine.",0.0,0.0,0.0,0.0,1,-1
http://netls.com.ua/?utm_campaign=directory&utm_medium=referral&utm_source=themanifest.com,NetLS Software Development,0,,0,30,Ivano-Frankivs'k,,,"Headquartered in Ivano-Frankivs'k, Ukraine, NetLS Software Development is a web design agency. The small agency was launched in 2016. Their services include web design, ux/ui design, BI & big data consulting & SI, web development, and more.",0.0,0.0,0.0,0.0,1,-1
https://bluepes.com/?utm_campaign=directory&utm_medium=referral&utm_source=themanifest.com,Bluepes,0,,0,30,L'viv,,,"User experience agency Bluepes was founded in 2013. The company provides ux/ui design, BI & big data consulting & SI, custom software development, blockchain, and more and has a small team. The company is located in L'viv, Ukraine and Tallinn, Estonia.",0.0,0.0,0.0,0.0,1,-1
https://2021.ai/?utm_campaign=directory&utm_medium=referral&utm_source=themanifest.com,2021.AI,0,,25000,150,Kyiv,,,"2021.AI is an artificial intelligence development company founded in 2016. Their midsize team is based in Copenhagen, Denmark and Kyiv, Ukraine and provides Artificial Intelligence, BI & big data consulting & SI, and IT strategy consulting.",0.0,0.0,0.0,0.0,1,2
https://vitasoftua.com/?utm_campaign=directory&utm_medium=referral&utm_source=themanifest.com,Vitasoft Ukraine,0,,0,6,Kyiv,,,"Custom software development company Vitasoft Ukraine is headquartered in Kyiv, Ukraine. The company focuses on custom software development, AR/VR development, e-commerce development, mobile app development, and more and is small.The company was founded in 2017.",0.0,0.0,0.0,0.0,1,2
